{
    "Mean Squared Error": 0.8136353767697674,
    "Mean Absolute Error": 0.7005952623763232,
    "R2 Score": 0.23981268049493865,
    "Mean Absolute Percentage Error": 0.36835024786921355
}