{
    "Mean Squared Error": 0.7700545965324133,
    "Mean Absolute Error": 0.6771737856613739,
    "R2 Score": 0.2306196942129347,
    "Mean Absolute Percentage Error": 0.3647418199267881
}