{
    "Mean Squared Error": 0.7669501756307923,
    "Mean Absolute Error": 0.6744730201025942,
    "R2 Score": 0.23372139675887937,
    "Mean Absolute Percentage Error": 0.36487791009072607
}