{
    "Mean Squared Error": 0.8259256035316203,
    "Mean Absolute Error": 0.7105898425939848,
    "R2 Score": 0.2283298040063393,
    "Mean Absolute Percentage Error": 0.37446495444479994
}