{
    "Mean Squared Error": 0.8136627592892274,
    "Mean Absolute Error": 0.7007180386526808,
    "R2 Score": 0.2397870967449397,
    "Mean Absolute Percentage Error": 0.3683997824068551
}