{
    "Mean Squared Error": 0.8102441247513769,
    "Mean Absolute Error": 0.6942171918190959,
    "R2 Score": 0.24298115971208056,
    "Mean Absolute Percentage Error": 0.36507558579163996
}