{
    "Mean Squared Error": 0.8957251095471696,
    "Mean Absolute Error": 0.7539921396869859,
    "R2 Score": 0.1631154575119731,
    "Mean Absolute Percentage Error": 0.400108356585098
}