{
    "Mean Squared Error": 0.8142419307216832,
    "Mean Absolute Error": 0.699208954113793,
    "R2 Score": 0.23924597133257086,
    "Mean Absolute Percentage Error": 0.36678290271402847
}